"","items","support","count"
"[1]","{I2,I3}",0.444444444444444,4
"[2]","{I1,I3}",0.444444444444444,4
"[3]","{I1,I2}",0.444444444444444,4
"[4]","{I2}",0.777777777777778,7
"[5]","{I1}",0.666666666666667,6
"[6]","{I3}",0.666666666666667,6
